Flight_ID,Flight_Price
0,597.9333
1,963.4088
2,563.4846
3,592.5879
4,629.7089
5,536.3711
6,448.38718
7,846.8457
8,643.18256
9,380.9427
10,655.6635
11,645.4691
12,785.34424
13,642.01544
14,480.78607
15,729.3789
16,472.7654
17,467.7759
18,463.1802
19,755.4844
20,393.65607
21,935.2992
22,906.5304
23,853.5905
24,656.57153
25,350.90402
26,606.34576
27,584.2923
28,552.96796
29,551.9495
30,564.9647
31,389.36264
32,445.69214
33,720.53326
34,882.77576
35,675.0256
36,982.0801
37,392.55127
38,444.0561
39,877.9026
40,497.2828
41,406.42395
42,574.9802
43,599.5339
44,568.21313
45,635.3788
46,503.81033
47,589.5925
48,540.73395
49,681.026
50,761.7445
51,404.99698
52,861.46027
53,657.2628
54,785.1488
55,311.17856
56,465.5464
57,624.6798
58,648.1646
59,299.5066
60,498.99136
61,597.94104
62,699.29004
63,754.8153
64,586.2784
65,594.2888
66,678.9314
67,425.942
68,316.35602
69,943.9495
70,464.7944
71,810.6604
72,615.21515
73,957.6503
74,527.9005
75,886.77783
76,693.49133
77,598.28253
78,404.85675
79,624.4947
80,740.7958
81,497.45654
82,581.6704
83,714.8471
84,494.05566
85,396.30286
86,401.0234
87,678.7391
88,584.02246
89,580.418
90,422.54507
91,752.377
92,761.68665
93,541.49756
94,600.22455
95,633.66675
96,789.0419
97,686.17847
98,601.5486
99,443.93277
100,749.17065
101,788.67944
102,1041.7893
103,771.51117
104,701.10034
105,753.1836
106,682.28503
107,719.9244
108,413.07443
109,861.397
110,581.1841
111,614.5029
112,619.0474
113,752.0668
114,631.9477
115,567.27057
116,454.39548
117,419.2795
118,336.08826
119,411.8724
120,458.73804
121,895.9373
122,1035.5045
123,663.7053
124,560.2913
125,658.1385
126,331.6212
127,411.71365
128,686.2414
129,736.5225
130,291.7748
131,680.1922
132,738.1567
133,495.51715
134,474.65344
135,657.5891
136,727.6104
137,367.69962
138,708.06665
139,584.9154
140,213.78137
141,590.0437
142,316.87643
143,706.6222
144,495.00684
145,636.5538
146,763.9772
147,693.89996
148,696.9657
149,471.4895
150,360.3953
151,694.03705
152,696.6224
153,283.40002
154,490.5377
155,481.0513
156,542.9557
157,610.02765
158,373.58322
159,662.2874
160,437.43887
161,611.72125
162,718.42395
163,380.90723
164,695.40106
165,457.88596
166,257.82767
167,611.32227
168,622.0783
169,414.66827
170,442.9574
171,548.69574
172,445.48965
173,353.57797
174,692.1075
175,465.09198
176,610.3179
177,464.48752
178,521.34607
179,812.0601
180,804.05316
181,899.5819
182,782.2063
183,727.4249
184,385.14056
185,594.16693
186,539.73096
187,480.4027
188,702.8766
189,640.8883
190,442.7038
191,747.2522
192,462.26672
193,365.29166
194,858.4369
195,314.16336
196,488.36978
197,623.5975
198,315.69498
199,716.8876
200,700.81036
201,854.1535
202,469.96085
203,364.19586
204,420.98758
205,621.8729
206,613.3182
207,650.6528
208,816.7962
209,544.4965
210,678.169
211,420.6296
212,370.50992
213,415.4981
214,545.34766
215,519.1068
216,599.70654
217,525.73315
218,404.1274
219,707.84467
220,568.12836
221,364.4117
222,524.23785
223,740.92035
224,613.6268
225,261.81726
226,454.9979
227,604.5968
228,595.4527
229,692.1956
230,318.2073
231,631.1303
232,636.23114
233,406.9479
234,287.92148
235,583.5656
236,645.3131
237,488.6513
238,443.4663
239,459.03745
240,481.94818
241,435.92813
242,792.2766
243,373.36246
244,812.93427
245,389.70227
246,626.7264
247,592.7343
248,675.048
249,763.9925
250,534.4772
251,674.6205
252,364.05142
253,587.09924
254,410.60635
255,657.46515
256,798.1401
257,924.9031
258,446.10388
259,662.5599
260,528.1835
261,616.0531
262,701.6082
263,620.97894
264,495.19687
265,534.4789
266,254.37117
267,386.92282
268,419.71252
269,443.4907
270,545.76263
271,432.1863
272,543.83136
273,668.7139
274,595.7703
275,374.53098
276,899.014
277,531.1306
278,733.13947
279,622.3945
280,386.46786
281,724.5338
282,542.1819
283,575.8585
284,678.8183
285,392.37308
286,695.5197
287,685.92316
288,605.75525
289,486.16928
290,577.04
291,625.00885
292,438.95654
293,666.5364
294,679.50616
295,370.52173
296,553.86505
297,1008.834
298,428.05984
299,375.09003
300,399.85257
301,717.78455
302,471.48343
303,387.5445
304,670.56415
305,459.77823
306,826.50714
307,527.75995
308,483.43655
309,573.4955
310,1067.921
311,301.83105
312,758.0954
313,699.3716
314,554.9499
315,303.1556
316,813.9562
317,736.5581
318,867.497
319,632.7912
320,485.85834
321,520.7879
322,608.57275
323,344.661
324,547.9172
325,765.6651
326,602.9724
327,632.0939
328,590.5477
329,378.29236
330,576.3559
331,669.99365
332,661.18506
333,446.0582
334,891.6829
335,549.0872
336,561.8405
337,499.0534
338,653.277
339,400.89038
340,549.32605
341,859.69495
342,460.9804
343,581.4973
344,541.554
345,409.81073
346,913.7884
347,290.30484
348,276.58908
349,464.0806
350,858.43396
351,409.38263
352,658.13007
353,587.1424
354,411.43063
355,646.5663
356,468.56735
357,476.13757
358,446.88
359,815.367
360,433.01892
361,426.69656
362,539.4408
363,743.16077
364,391.1601
365,343.12265
366,871.48895
367,430.44244
368,614.2111
369,617.072
370,661.11597
371,474.2592
372,579.679
373,610.88544
374,609.2866
375,542.38434
376,628.8946
377,444.448
378,544.0499
379,678.89264
380,362.95184
381,867.7795
382,635.634
383,818.60974
384,704.4469
385,637.0864
386,525.7233
387,594.0909
388,357.7374
389,466.06122
390,368.7275
391,545.36505
392,643.7033
393,707.22986
394,532.3369
395,547.48157
396,668.495
397,774.72064
398,561.55493
399,653.8757
400,482.54575
401,651.90753
402,557.647
403,418.1358
404,589.30975
405,921.56506
406,654.27686
407,634.21515
408,567.2839
409,942.6841
410,733.6382
411,676.66394
412,354.80365
413,703.60693
414,641.66
415,632.50854
416,393.53406
417,544.4526
418,896.49347
419,784.8538
420,614.3868
421,445.9553
422,452.11783
423,611.3152
424,504.889
425,458.9024
426,893.50494
427,363.49054
428,517.86
429,653.6858
430,502.29532
431,276.55716
432,594.3676
433,491.493
434,530.348
435,695.58923
436,388.5203
437,493.9278
438,460.49225
439,818.1962
440,734.7162
441,661.00476
442,732.1232
443,983.53906
444,485.29407
445,886.6932
446,563.76117
447,471.8213
448,726.0255
449,536.3356
450,460.30646
451,357.79175
452,1081.0059
453,345.02423
454,506.91028
455,658.9647
456,522.0269
457,627.3649
458,355.46246
459,488.5325
460,871.83374
461,683.5182
462,678.19446
463,460.79367
464,557.108
465,468.9651
466,415.96948
467,480.65656
468,627.6221
469,655.76666
470,693.0404
471,653.10504
472,522.33307
473,394.84265
474,746.2577
475,1056.5099
476,443.94482
477,582.3579
478,375.6608
479,386.15836
480,463.27765
481,718.02014
482,627.8595
483,518.3526
484,823.80804
485,570.61194
486,606.6069
487,354.43198
488,580.44946
489,377.13043
490,486.24896
491,557.1211
492,475.4829
493,460.93875
494,446.53275
495,675.2946
496,485.84943
497,612.66156
498,750.92847
499,384.78934
500,291.4894
501,629.365
502,438.50473
503,504.0482
504,570.48444
505,386.41138
506,511.33527
507,298.33054
508,520.2165
509,454.80856
510,863.5411
511,564.69763
512,663.2667
513,505.11658
514,568.82513
515,514.8563
516,671.0877
517,669.0332
518,315.071
519,421.90347
520,709.9456
521,749.6286
522,792.092
523,728.17206
524,346.4663
525,579.24
526,680.23663
527,738.5523
528,690.0787
529,283.01587
530,411.25638
531,578.30817
532,709.2213
533,483.4765
534,647.0115
535,728.95
536,410.99893
537,523.5477
538,650.98944
539,427.72006
540,594.4776
541,481.51657
542,756.8872
543,619.71716
544,471.85773
545,687.44525
546,389.4532
547,754.7879
548,223.58545
549,386.8841
550,362.9229
551,705.01263
552,632.16125
553,313.95337
554,888.33234
555,456.09616
556,716.8954
557,648.2769
558,631.60406
559,700.4922
560,398.6303
561,752.2542
562,979.0381
563,807.76953
564,407.78488
565,396.71426
566,872.9483
567,362.15195
568,676.4061
569,459.88943
570,420.12787
571,876.3692
572,603.00446
573,653.5623
574,514.57385
575,515.9172
576,319.8067
577,527.31146
578,552.56256
579,592.6777
580,452.84476
581,955.11755
582,478.40704
583,730.1757
584,426.1686
585,532.0666
586,530.91156
587,849.1063
588,709.9689
589,624.61615
590,603.3033
591,902.183
592,962.17126
593,565.38043
594,673.0724
595,569.2104
596,832.10986
597,473.48044
598,253.75372
599,595.6015
600,559.3856
601,547.4195
602,832.32104
603,652.54425
604,589.7245
605,448.98444
606,794.406
607,444.89783
608,347.28473
609,488.4519
610,854.0565
611,379.21097
612,334.52823
613,1027.5211
614,611.1458
615,552.21014
616,923.04346
617,711.1712
618,496.9275
619,336.55322
620,649.3077
621,741.02
622,679.78107
623,497.94385
624,552.59326
625,610.5067
626,494.3943
627,926.2402
628,354.9292
629,459.6089
630,711.3393
631,581.7647
632,612.90173
633,382.54434
634,672.18726
635,403.31924
636,411.3076
637,390.89703
638,753.3083
639,664.52203
640,476.39355
641,595.4581
642,295.6336
643,344.07037
644,692.7261
645,459.67712
646,560.418
647,702.22437
648,1066.3937
649,523.95166
650,486.46506
651,522.2418
652,316.74847
653,531.5224
654,571.50494
655,876.9421
656,782.0731
657,718.60974
658,791.2721
659,490.6589
660,456.3222
661,328.8192
662,651.17914
663,404.06638
664,656.90063
665,839.10187
666,607.40436
667,438.89667
668,598.75165
669,349.99585
670,553.45685
671,432.9426
672,500.7853
673,390.72946
674,445.19595
675,373.33405
676,541.5959
677,848.29
678,606.2267
679,462.98743
680,523.83826
681,555.67816
682,385.59085
683,815.1518
684,501.77173
685,743.0739
686,570.8093
687,567.3857
688,546.70734
689,467.57785
690,449.55637
691,705.37805
692,359.3399
693,730.0583
694,711.4441
695,430.21497
696,393.28952
697,528.1209
698,719.79156
699,389.39258
700,408.41406
701,688.1262
702,684.96265
703,428.50256
704,845.61646
705,689.9495
706,354.32846
707,489.34283
708,461.2811
709,332.44864
710,895.0357
711,589.7398
712,481.7082
713,605.3119
714,301.94012
715,596.8515
716,529.6089
717,454.32837
718,632.8781
719,540.62006
720,730.1089
721,730.0616
722,566.9158
723,893.012
724,351.43158
725,324.91763
726,498.03857
727,667.25183
728,560.8661
729,702.083
730,565.02155
731,438.27338
732,559.4369
733,468.02866
734,462.63727
735,663.8501
736,744.3447
737,628.38745
738,660.4426
739,593.11957
740,426.8504
741,501.717
742,543.3092
743,550.0403
744,647.30853
745,576.3453
746,384.92593
747,567.12366
748,680.5792
749,548.3462
750,428.14352
751,693.5109
752,461.53888
753,460.37817
754,353.10092
755,433.8313
756,620.81036
757,789.30005
758,432.436
759,874.7276
760,470.09222
761,538.6671
762,641.3737
763,638.9868
764,623.66876
765,647.2932
766,620.0825
767,475.5257
768,632.49084
769,663.8325
770,403.82904
771,259.5967
772,352.96948
773,618.8417
774,567.8581
775,442.6725
776,612.4224
777,850.0231
778,743.6218
779,548.5979
780,661.73096
781,384.2606
782,434.40845
783,463.7365
784,298.1002
785,586.18066
786,682.37506
787,566.32367
788,604.76483
789,624.5747
790,413.49985
791,270.43076
792,339.49698
793,455.6977
794,599.9562
795,680.3143
796,410.86328
797,608.71277
798,490.42157
799,536.8281
800,554.9656
801,424.8277
802,403.5689
803,468.96527
804,685.03174
805,667.3254
806,564.76935
807,680.3323
808,375.05038
809,645.24634
810,520.40576
811,387.60736
812,384.0872
813,594.86597
814,847.9389
815,631.9395
816,403.52695
817,555.273
818,493.00092
819,558.7276
820,502.54703
821,397.21802
822,516.24225
823,606.9112
824,632.4652
825,652.6839
826,776.60516
827,629.70703
828,740.9249
829,756.12164
830,672.5235
831,1000.784
832,567.39386
833,634.45465
834,441.07825
835,718.1346
836,356.37674
837,405.57086
838,393.08084
839,820.9774
840,466.34042
841,406.0689
842,367.32935
843,503.4083
844,382.1062
845,720.4389
846,579.992
847,559.27856
848,365.90335
849,684.83563
850,505.98602
851,738.3873
852,619.6517
853,519.0198
854,266.6137
855,885.256
856,764.53033
857,585.4651
858,288.8276
859,634.53076
860,766.64514
861,422.47464
862,570.2444
863,656.7421
864,812.6999
865,301.88266
866,353.54507
867,732.58295
868,434.2118
869,462.2135
870,760.6624
871,525.8072
872,372.6095
873,516.6585
874,358.85977
875,402.60223
876,445.55884
877,738.09454
878,566.751
879,818.35815
880,790.7948
881,1047.4187
882,587.163
883,579.35614
884,889.41266
885,635.5052
886,620.1475
887,494.25052
888,455.7921
889,302.02283
890,386.57092
891,745.05707
892,542.89954
893,646.04333
894,471.95517
895,345.17416
896,798.8157
897,1017.0973
898,363.84662
899,640.5418
900,483.03207
901,625.9044
902,334.44238
903,763.227
904,482.37747
905,446.96823
906,607.18555
907,443.738
908,521.16785
909,377.66568
910,560.0087
911,702.1764
912,546.1303
913,498.05466
914,425.49045
915,762.98456
916,525.1111
917,701.0929
918,464.75345
919,690.9507
920,636.09656
921,503.6576
922,470.99094
923,649.8991
924,576.40674
925,661.2959
926,755.442
927,476.35852
928,490.25006
929,479.89557
930,753.3586
931,426.8933
932,762.7494
933,603.8962
934,305.90863
935,649.3871
936,607.58386
937,842.7918
938,755.0947
939,841.1824
940,582.7567
941,553.57764
942,523.3436
943,372.34512
944,619.69684
945,622.0475
946,593.6244
947,930.48
948,478.68353
949,470.5358
950,531.66064
951,574.71063
952,516.91504
953,601.1911
954,488.6104
955,674.09155
956,428.39764
957,757.66046
958,454.01984
959,705.07947
960,719.06335
961,442.96866
962,938.37573
963,622.1264
964,485.27182
965,393.09674
966,604.00586
967,376.06628
968,367.11118
969,490.3644
970,501.81598
971,573.39435
972,631.02216
973,691.33716
974,437.17612
975,671.1032
976,632.6328
977,491.40353
978,567.77997
979,711.87726
980,615.58887
981,517.1983
982,397.93842
983,679.72955
984,434.17303
985,409.67886
986,496.67856
987,642.67706
988,651.60657
989,617.4903
990,612.5773
991,941.33203
992,947.1307
993,505.88907
994,469.94937
995,761.6539
996,554.87897
997,868.09686
998,486.20792
999,813.1823
1000,879.6086
1001,719.72656
1002,466.1921
1003,336.06122
1004,552.9424
1005,637.1144
1006,492.9276
1007,666.0068
1008,419.84027
1009,697.0394
1010,489.47476
1011,715.518
1012,557.9403
1013,683.08856
1014,755.86176
1015,651.3064
1016,507.3174
1017,462.08038
1018,518.33356
1019,650.6574
1020,808.2043
1021,358.6444
1022,522.901
1023,392.9565
1024,465.58624
1025,518.9359
1026,609.0976
1027,770.5245
1028,733.87756
1029,411.3583
1030,544.8125
1031,483.67676
1032,808.4315
1033,603.5241
1034,804.3649
1035,614.89105
1036,454.50833
1037,422.00958
1038,457.47617
1039,682.39685
1040,290.78253
1041,548.41095
1042,461.5265
1043,535.3006
1044,783.0879
1045,396.48685
1046,621.22784
1047,398.46997
1048,618.71906
1049,432.4882
1050,814.8673
1051,662.11914
1052,505.2656
1053,702.5809
1054,488.03186
1055,251.80852
1056,625.414
1057,743.655
1058,754.53143
1059,660.12305
1060,389.04166
1061,740.66327
1062,440.5403
1063,694.3267
1064,788.5758
1065,928.03595
1066,554.6743
1067,434.50845
1068,497.89377
1069,580.77856
1070,630.7641
1071,589.19885
1072,425.2586
1073,628.07196
1074,517.3273
1075,772.5303
1076,416.81683
1077,679.1256
1078,672.2695
1079,407.07913
1080,507.72043
1081,276.3715
1082,369.7815
1083,425.3004
1084,769.8963
1085,339.35892
1086,403.4424
1087,947.44556
1088,611.88354
1089,646.2203
1090,589.7721
1091,481.675
1092,793.98926
1093,629.0665
1094,476.53107
1095,475.91946
1096,450.4483
1097,515.41614
1098,455.38144
1099,772.3373
1100,858.8224
1101,580.6996
1102,608.9129
1103,385.4675
1104,678.272
1105,330.0518
1106,377.71536
1107,504.57166
1108,642.62225
1109,702.77106
1110,460.74625
1111,596.5859
1112,357.57388
1113,676.3622
1114,699.4183
1115,541.1028
1116,257.77524
1117,467.39056
1118,574.39594
1119,663.4806
1120,515.22577
1121,681.01904
1122,574.539
1123,711.4464
1124,745.69196
1125,486.5775
1126,512.74915
1127,406.84677
1128,489.02625
1129,506.0754
1130,565.27216
1131,604.15826
1132,426.69113
1133,413.62296
1134,721.20795
1135,361.90414
1136,567.6432
1137,468.60297
1138,487.5516
1139,361.75946
1140,448.28854
1141,313.9584
1142,571.33887
1143,546.86
1144,568.8516
1145,866.9715
1146,686.5124
1147,356.9628
1148,466.79556
1149,752.1695
1150,822.5152
1151,319.7417
1152,314.20398
1153,703.4911
1154,560.8302
1155,368.1449
1156,442.41852
1157,535.9869
1158,744.6402
1159,595.3361
1160,899.8137
1161,765.50555
1162,358.94867
1163,607.59265
1164,474.66202
1165,753.03
1166,562.32855
1167,593.09784
1168,644.54193
1169,370.11255
1170,881.0206
1171,419.1128
1172,731.62933
1173,566.94244
1174,560.4242
1175,615.5748
1176,882.82166
1177,271.05994
1178,345.2953
1179,791.8248
1180,427.4256
1181,697.6689
1182,396.60965
1183,1023.85547
1184,428.4597
1185,498.26077
1186,906.8018
1187,532.3073
1188,603.4475
1189,431.71918
1190,668.4309
1191,806.5179
1192,429.79483
1193,474.57477
1194,576.3625
1195,833.07477
1196,472.65668
1197,642.5256
1198,519.3357
1199,699.94824
1200,688.3627
1201,725.37726
1202,429.47336
1203,382.18512
1204,683.99994
1205,666.93243
1206,636.8454
1207,447.02243
1208,543.4964
1209,605.0131
1210,521.7358
1211,714.6112
1212,487.56476
1213,600.62
1214,425.66882
1215,369.08997
1216,652.0804
1217,629.0613
1218,777.3012
1219,779.9589
1220,544.5983
1221,919.3467
1222,456.78564
1223,527.0021
1224,596.1165
1225,537.0497
1226,317.67725
1227,361.05295
1228,921.72046
1229,491.79486
1230,708.41956
1231,658.17065
1232,476.72223
1233,535.3182
1234,486.8758
1235,503.56024
1236,533.292
1237,488.33136
1238,601.9703
1239,516.6554
1240,429.13477
1241,659.572
1242,296.34305
1243,427.9291
1244,375.54135
1245,601.75836
1246,689.36365
1247,484.40985
1248,743.05963
1249,603.37616
1250,434.3564
1251,512.5005
1252,404.41864
1253,726.985
1254,336.29248
1255,741.6756
1256,605.1673
1257,546.52747
1258,601.77167
1259,850.9591
1260,320.0256
1261,549.5551
1262,880.8262
1263,998.4326
1264,651.2795
1265,660.0613
1266,346.00195
1267,511.61288
1268,380.6573
1269,456.86163
1270,542.3021
1271,631.4841
1272,473.87936
1273,493.97437
1274,800.645
1275,540.09326
1276,525.3603
1277,394.48474
1278,693.45825
1279,462.7725
1280,261.04153
1281,572.0823
1282,463.9659
1283,576.33765
1284,638.1275
1285,432.64975
1286,755.7781
1287,559.9623
1288,897.03534
1289,425.07925
1290,532.351
1291,817.66345
1292,479.35
1293,518.23676
1294,374.34433
1295,603.0027
1296,657.08136
1297,555.761
1298,505.53006
1299,581.62933
1300,655.13544
1301,597.1834
1302,551.7512
1303,550.4618
1304,339.81598
1305,530.928
1306,391.81155
1307,644.35645
1308,734.66974
1309,392.3366
1310,377.13046
1311,417.707
1312,561.07416
1313,631.66125
1314,384.57858
1315,528.8289
1316,642.1299
1317,623.01025
1318,374.99002
1319,761.4808
1320,331.18457
1321,777.2182
1322,545.3094
1323,297.91547
1324,597.38654
1325,392.0048
1326,568.0259
1327,709.12994
1328,425.20682
1329,465.84497
1330,610.85425
1331,943.37946
1332,684.99835
1333,460.41876
1334,746.1704
1335,524.5309
1336,397.6692
1337,318.9523
1338,706.32916
1339,540.70245
1340,788.5472
1341,848.62524
1342,301.65045
1343,667.64844
1344,464.10312
1345,598.1038
1346,640.94
1347,436.01276
1348,628.44025
1349,322.8529
1350,542.66376
1351,500.43668
1352,391.18698
1353,622.97546
1354,574.7167
1355,613.3694
1356,568.6994
1357,435.65524
1358,252.69746
1359,692.03925
1360,494.33505
1361,438.01785
1362,461.76273
1363,717.79694
1364,342.67166
1365,433.15057
1366,713.5866
1367,467.73352
1368,738.5858
1369,517.33453
1370,547.06006
1371,566.86096
1372,570.10504
1373,556.37537
1374,613.54407
1375,859.83496
1376,708.1706
1377,286.22873
1378,582.1347
1379,512.48694
1380,654.9567
1381,730.9759
1382,584.53186
1383,464.0402
1384,520.47363
1385,541.0803
1386,496.75348
1387,684.1775
1388,595.9118
1389,698.8918
1390,434.03415
1391,721.4937
1392,639.893
1393,613.27136
1394,618.0074
1395,365.30655
1396,345.3048
1397,622.8246
1398,531.57495
1399,560.7645
1400,659.50555
1401,847.8565
1402,361.6949
1403,529.33264
1404,599.37897
1405,765.7202
1406,924.48553
1407,562.01764
1408,652.6773
1409,645.7045
1410,648.99567
1411,677.1861
1412,734.01
1413,651.33954
1414,587.5111
1415,457.52878
1416,797.1471
1417,403.92273
1418,571.961
1419,698.10455
1420,474.48682
1421,885.6434
1422,310.25574
1423,355.26422
1424,763.40936
1425,538.85895
1426,747.9404
1427,827.75616
1428,412.51508
1429,390.0243
1430,726.5218
1431,645.37305
1432,527.41986
1433,301.9581
1434,429.45966
1435,552.48267
1436,574.3022
1437,612.1949
1438,798.4569
1439,495.32346
1440,522.8301
1441,665.9664
1442,572.02026
1443,571.10974
1444,537.5279
1445,478.49847
1446,697.2162
1447,325.6175
1448,567.42615
1449,406.36395
1450,801.8853
1451,540.2722
1452,770.8878
1453,356.49213
1454,490.21548
1455,506.78833
1456,477.35162
1457,490.652
1458,764.22546
1459,380.72363
1460,723.6221
1461,483.02338
1462,995.34595
1463,336.73264
1464,917.80707
1465,720.36383
1466,623.6776
1467,717.4803
1468,688.9815
1469,389.59686
1470,788.40894
1471,640.6572
1472,565.1343
1473,645.9685
1474,767.2573
1475,654.7898
1476,460.51343
1477,563.28357
1478,740.07996
1479,498.64648
1480,586.89044
1481,798.25964
1482,566.9587
1483,553.59753
1484,424.28766
1485,385.75226
1486,316.67538
1487,607.5197
1488,563.628
1489,597.3182
1490,669.15814
1491,548.70825
1492,749.7613
1493,742.7325
1494,582.98175
1495,395.41663
1496,517.2191
1497,628.51904
1498,867.99286
1499,529.32306
1500,672.8392
1501,534.28656
1502,521.6535
1503,462.63617
1504,522.17664
1505,558.643
1506,605.85913
1507,735.04565
1508,567.9272
1509,801.8179
1510,589.0445
1511,313.2927
1512,612.7123
1513,826.2757
1514,362.3344
1515,415.9595
1516,652.26764
1517,551.40784
1518,444.33502
1519,323.02536
1520,558.3219
1521,516.8449
1522,652.4475
1523,637.32684
1524,367.61496
1525,718.36005
1526,547.5331
1527,464.6744
1528,656.4628
1529,427.09473
1530,240.08272
1531,381.26947
1532,475.59955
1533,369.11478
1534,765.3432
1535,354.1422
1536,515.5549
1537,835.9381
1538,544.7963
1539,597.99207
1540,442.25482
1541,490.15582
1542,584.0306
1543,611.67487
1544,297.62314
1545,563.56195
1546,889.63086
1547,703.30206
1548,789.08594
1549,381.7939
1550,359.56543
1551,426.76718
1552,414.14236
1553,405.81165
1554,307.14255
1555,752.4476
1556,538.0901
1557,651.48145
1558,400.53644
1559,655.57587
1560,497.42035
1561,470.40494
1562,638.5185
1563,701.03424
1564,442.0723
1565,801.1996
1566,501.2178
1567,307.57123
1568,708.18677
1569,775.76886
1570,475.22897
1571,516.3616
1572,469.45444
1573,595.47766
1574,785.452
1575,934.2917
1576,648.934
1577,524.85077
1578,694.9736
1579,734.4772
1580,489.00256
1581,400.2893
1582,433.62244
1583,576.71313
1584,429.74277
1585,346.64423
1586,328.88812
1587,478.20963
1588,452.14755
1589,531.8082
1590,405.20578
1591,561.3197
1592,598.8099
1593,541.39734
1594,680.8055
1595,380.21017
1596,679.8075
1597,566.24036
1598,372.7945
1599,558.6869
1600,678.7094
1601,452.0947
1602,361.66217
1603,872.69476
1604,670.02966
1605,489.54416
1606,611.9158
1607,604.8549
1608,702.4779
1609,558.1998
1610,290.32492
1611,500.50995
1612,640.2638
1613,352.3365
1614,431.99124
1615,735.6482
1616,397.70557
1617,315.68015
1618,628.02783
1619,694.2608
1620,419.01556
1621,550.7059
1622,625.16345
1623,627.2547
1624,375.41995
1625,526.05115
1626,263.5215
1627,540.89087
1628,963.7108
1629,721.93317
1630,649.7066
1631,408.63422
1632,715.9795
1633,599.47
1634,554.4217
1635,431.74872
1636,556.8617
1637,516.20294
1638,443.91046
1639,579.0372
1640,458.69226
1641,703.1307
1642,434.21716
1643,643.193
1644,871.59766
1645,719.9765
1646,445.3973
1647,300.8795
1648,503.7064
1649,707.963
1650,523.5157
1651,485.30145
1652,329.7869
1653,442.5428
1654,408.12006
1655,672.941
1656,707.28815
1657,553.47217
1658,607.42
1659,858.3432
1660,474.93832
1661,730.15936
1662,424.35245
1663,668.45514
1664,424.49097
1665,533.3029
1666,373.34158
1667,533.563
1668,660.1049
1669,676.7626
1670,836.57104
1671,622.4238
1672,557.3819
1673,437.11078
1674,529.1716
1675,417.79858
1676,684.75183
1677,725.8305
1678,476.29858
1679,573.8047
1680,522.2418
1681,655.7611
1682,456.14706
1683,560.86285
1684,630.23193
1685,475.63174
1686,641.2627
1687,661.19617
1688,458.886
1689,828.0273
1690,630.76843
1691,364.18768
1692,293.73383
1693,480.30756
1694,759.15454
1695,557.52435
1696,586.9053
1697,914.8421
1698,752.83154
1699,406.41974
1700,491.459
1701,609.68036
1702,629.73083
1703,514.6562
1704,488.4821
1705,531.8935
1706,484.71207
1707,885.9169
1708,365.57782
1709,622.29504
1710,708.92206
1711,784.95544
1712,750.1881
1713,620.2118
1714,422.35815
1715,364.3262
1716,664.7733
1717,464.24213
1718,572.96906
1719,416.07025
1720,541.86346
1721,377.94916
1722,360.17688
1723,587.43054
1724,982.75275
1725,683.25494
1726,342.1127
1727,475.95682
1728,787.4295
1729,593.89557
1730,716.10254
1731,888.9242
1732,564.85315
1733,652.60724
1734,366.34955
1735,513.644
1736,545.4415
1737,516.27606
1738,667.3291
1739,549.8796
1740,656.271
1741,570.7442
1742,660.70325
1743,297.6409
1744,605.37756
1745,428.60635
1746,606.2356
1747,906.9055
1748,516.30206
1749,668.6797
1750,373.97025
1751,637.9483
1752,522.75714
1753,478.82278
1754,490.01468
1755,579.1476
1756,643.3671
1757,528.07544
1758,734.1179
1759,620.3575
1760,711.5775
1761,619.50037
1762,384.85745
1763,378.8987
1764,959.89026
1765,483.64554
1766,688.6899
1767,556.0463
1768,536.33887
1769,401.3187
1770,272.81967
1771,270.29932
1772,498.54688
1773,792.3166
1774,673.0163
1775,898.8453
1776,465.28583
1777,693.99066
1778,831.498
1779,611.25824
1780,462.76688
1781,354.48932
1782,739.13367
1783,836.8975
1784,296.71396
1785,590.9006
1786,735.8674
1787,529.1439
1788,406.78445
1789,477.15942
1790,679.03467
1791,649.7195
1792,311.22964
1793,379.54935
1794,482.7193
1795,560.0405
1796,626.8648
1797,638.08734
1798,562.12585
1799,827.4285
1800,392.56104
1801,762.2979
1802,644.3725
1803,755.7403
1804,888.4625
1805,578.7019
1806,701.8453
1807,642.35126
1808,506.1588
1809,716.21356
1810,758.31323
1811,733.2074
1812,671.1132
1813,511.4361
1814,588.9053
1815,935.6348
1816,482.08292
1817,503.9287
1818,422.45145
1819,498.92374
1820,1024.3115
1821,499.37683
1822,473.80164
1823,627.3249
1824,651.1172
1825,648.1128
1826,485.5483
1827,586.332
1828,480.11057
1829,799.9534
1830,558.40173
1831,677.24365
1832,511.39905
1833,715.88824
1834,677.87506
1835,511.80423
1836,446.4693
1837,771.164
1838,615.2633
1839,715.94354
1840,573.28455
1841,477.01883
1842,453.0197
1843,564.6954
1844,503.43228
1845,583.10175
1846,631.47504
1847,849.1783
1848,604.27515
1849,655.53204
1850,812.44556
1851,515.67975
1852,852.3064
1853,559.7511
1854,536.81384
1855,755.4973
1856,515.1512
1857,509.20993
1858,615.80475
1859,708.6459
1860,560.0849
1861,524.9356
1862,508.9682
1863,420.07965
1864,425.35104
1865,423.22485
1866,530.0519
1867,744.556
1868,718.3952
1869,475.57047
1870,705.67914
1871,552.27997
1872,584.25415
1873,635.76666
1874,452.67023
1875,552.13666
1876,474.7401
1877,452.98557
1878,228.17303
1879,552.02386
1880,602.82855
1881,690.079
1882,739.9488
1883,473.33096
1884,257.74863
1885,597.9359
1886,405.62582
1887,458.7788
1888,726.11487
1889,869.54755
1890,320.9604
1891,825.29614
1892,872.85297
1893,589.53094
1894,631.2285
1895,651.7932
1896,525.36786
1897,802.2651
1898,459.48877
1899,900.05444
1900,735.1321
1901,547.4763
1902,649.6242
1903,525.1502
1904,343.32492
1905,801.31055
1906,682.3859
1907,471.76102
1908,644.76526
1909,730.2604
1910,748.35126
1911,990.6498
1912,471.63672
1913,643.7194
1914,804.4391
1915,582.17096
1916,699.7361
1917,655.82245
1918,656.6922
1919,415.27753
1920,352.49356
1921,330.87695
1922,621.7268
1923,471.47388
1924,527.8168
1925,439.09097
1926,572.97705
1927,665.9504
1928,1031.936
1929,371.13815
1930,953.1182
1931,524.87976
1932,660.75836
1933,534.81866
1934,846.90283
1935,415.28265
1936,633.6074
1937,614.2228
1938,864.43665
1939,763.6466
1940,541.82996
1941,566.663
1942,428.28787
1943,490.7924
1944,516.137
1945,398.83176
1946,339.69818
1947,565.4726
1948,644.2471
1949,635.78754
1950,837.40967
1951,458.2104
1952,624.05945
1953,484.68924
1954,742.9857
1955,553.41266
1956,979.5575
1957,647.0501
1958,946.9629
1959,505.5664
1960,919.333
1961,510.89117
1962,536.94806
1963,512.43304
1964,610.46747
1965,602.8312
1966,347.17178
1967,396.6387
1968,693.10376
1969,724.7869
1970,609.368
1971,826.5091
1972,555.2943
1973,448.6587
1974,535.2783
1975,548.9211
1976,767.8229
1977,999.97284
1978,363.6668
1979,715.0141
1980,652.54047
1981,796.19055
1982,822.19354
1983,972.9891
1984,264.32883
1985,634.6662
1986,326.6466
1987,611.4591
1988,885.959
1989,436.9742
1990,567.037
1991,591.0174
1992,486.75342
1993,587.28796
1994,1012.1465
1995,843.33734
1996,781.64465
1997,432.1643
1998,857.92285
1999,452.19406
2000,502.92618
2001,753.74664
2002,478.7461
2003,379.01297
2004,666.4425
2005,857.0303
2006,524.28217
2007,448.8744
2008,368.44565
2009,376.11133
2010,687.1289
2011,424.72147
2012,582.0095
2013,421.29013
2014,737.6798
2015,637.2058
2016,375.3248
2017,519.3179
2018,776.94104
2019,541.6131
2020,833.6035
2021,385.45502
2022,619.94183
2023,523.79663
2024,364.3429
2025,486.06195
2026,817.78577
2027,695.0943
2028,429.3921
2029,331.19244
2030,505.5736
2031,651.2092
2032,796.94855
2033,554.41785
2034,312.95435
2035,758.27386
2036,576.37524
2037,563.11
2038,465.01495
2039,925.74255
2040,518.8585
2041,461.39087
2042,616.6826
2043,557.78516
2044,503.92694
2045,616.12726
2046,667.235
2047,493.59204
2048,784.2105
2049,887.59656
2050,886.31555
2051,498.69083
2052,540.0139
2053,595.6074
2054,840.91766
2055,533.8047
2056,799.4058
2057,466.99405
2058,459.2235
2059,444.6057
2060,516.0768
2061,762.45447
2062,249.76445
2063,633.0311
2064,474.8371
2065,333.6739
2066,645.27936
2067,545.17505
2068,458.75064
2069,586.8007
2070,883.325
2071,467.76575
2072,507.578
2073,633.96014
2074,481.59232
2075,490.36594
2076,882.32434
2077,514.78827
2078,1031.7546
2079,474.26797
2080,512.2791
2081,441.93134
2082,756.1621
2083,622.52905
2084,443.93964
2085,802.06213
2086,424.8585
2087,472.52814
2088,771.2268
2089,485.5127
2090,659.06976
2091,687.3713
2092,479.4276
2093,581.81494
2094,590.8864
2095,613.62036
2096,635.63586
2097,586.4718
2098,767.2081
2099,713.991
2100,617.0812
2101,378.10202
2102,928.21356
2103,614.97986
2104,370.7424
2105,758.0034
2106,661.39026
2107,807.2544
2108,449.23697
2109,477.05768
2110,652.3797
2111,272.18213
2112,553.865
2113,412.03143
2114,558.8276
2115,361.6232
2116,638.77625
2117,380.5729
2118,360.00546
2119,335.16772
2120,602.05554
2121,405.65482
2122,718.899
2123,719.233
2124,427.49545
2125,894.171
2126,626.449
2127,525.1694
2128,689.6075
2129,424.17844
2130,392.552
2131,403.48254
2132,791.7061
2133,419.20306
2134,541.8707
2135,489.19846
2136,837.12305
2137,676.22894
2138,620.7472
2139,340.42743
2140,622.65485
2141,651.00165
2142,457.67505
2143,298.33356
2144,625.1407
2145,769.46747
2146,363.913
2147,587.36487
2148,417.248
2149,665.6371
2150,743.6977
2151,636.882
2152,716.91754
2153,670.18036
2154,441.07376
2155,523.0302
2156,523.2829
2157,699.2491
2158,463.5271
2159,410.66403
2160,744.97327
2161,689.9498
2162,396.83636
2163,773.09045
2164,779.8943
2165,797.19403
2166,510.50656
2167,822.53674
2168,453.8932
2169,423.60355
2170,609.7661
2171,496.88556
2172,563.726
2173,678.67676
2174,437.6462
2175,577.2715
2176,731.70166
2177,401.29794
2178,477.7955
2179,719.55237
2180,842.70624
2181,548.8425
2182,452.58377
2183,522.9073
2184,944.5472
2185,525.2024
2186,347.6851
2187,524.5782
2188,652.3173
2189,721.51135
2190,623.24396
2191,444.17465
2192,404.446
2193,749.89374
2194,665.38525
2195,381.306
2196,352.7934
2197,518.37476
2198,688.3511
2199,426.60165
2200,570.773
2201,449.178
2202,474.14886
2203,641.73627
2204,830.9647
2205,482.4384
2206,475.13535
2207,437.36536
2208,423.48828
2209,455.79044
2210,712.7834
2211,739.792
2212,553.89276
2213,358.12744
2214,520.54443
2215,508.04266
2216,629.03015
2217,319.15848
2218,589.18823
2219,385.70407
2220,398.0131
2221,460.5708
2222,500.46585
2223,578.59503
2224,608.1195
2225,234.31804
2226,395.217
2227,267.9649
2228,801.9239
2229,684.04047
2230,558.4155
2231,546.6122
2232,649.46375
2233,354.10287
2234,458.87997
2235,401.59576
2236,455.87296
2237,627.3768
2238,429.1938
2239,594.3678
2240,736.0777
2241,591.7607
2242,624.9161
2243,239.98474
2244,724.2421
2245,1020.17944
2246,464.96786
2247,489.9233
2248,682.5536
2249,762.11084
2250,589.7671
2251,383.14578
2252,579.6317
2253,409.48367
2254,595.0828
2255,589.8881
2256,374.12704
2257,393.27567
2258,647.13245
2259,688.3405
2260,592.1036
2261,421.7387
2262,342.4911
2263,534.80634
2264,499.82187
2265,776.7664
2266,539.1405
2267,540.68945
2268,451.66956
2269,709.31104
2270,403.84363
2271,361.6228
2272,399.99686
2273,371.0628
2274,828.6589
2275,634.47675
2276,659.5253
2277,685.38104
2278,453.27045
2279,569.88257
2280,452.27417
2281,629.3778
2282,444.26974
2283,722.3943
2284,557.30164
2285,564.5161
2286,497.15964
2287,405.9712
2288,320.0733
2289,378.4775
2290,463.57565
2291,760.0247
2292,475.5087
2293,430.11746
2294,829.14624
2295,526.4375
2296,403.21967
2297,942.4431
2298,561.27386
2299,640.38965
2300,598.8268
2301,663.1528
2302,962.626
2303,663.2805
2304,488.66254
2305,638.1691
2306,586.98615
2307,540.1447
2308,393.45212
2309,627.51
2310,366.9049
2311,575.4463
2312,887.3215
2313,451.20508
2314,523.0928
2315,848.19525
2316,594.5863
2317,443.04062
2318,532.7634
2319,488.68268
2320,485.8408
2321,521.1529
2322,785.5854
2323,664.7635
2324,510.82675
2325,656.7524
2326,894.7351
2327,378.00757
2328,438.93967
2329,485.52698
2330,541.2741
2331,706.4718
2332,431.88034
2333,754.50305
2334,425.99307
2335,528.5198
2336,571.48627
2337,526.02374
2338,435.4191
2339,360.24655
2340,673.4423
2341,329.99298
2342,599.2379
2343,752.0416
2344,522.06165
2345,534.5886
2346,450.43726
2347,535.4235
2348,494.59875
2349,406.50696
2350,1034.5616
2351,751.2476
2352,896.8802
2353,699.343
2354,835.6326
2355,656.1492
2356,699.448
2357,722.54584
2358,397.7786
2359,793.86536
2360,816.05133
2361,606.92834
2362,421.57336
2363,748.95135
2364,602.19885
2365,568.4987
2366,732.8552
2367,795.2273
2368,757.479
2369,580.38226
2370,745.98047
2371,647.3999
2372,361.12424
2373,433.25488
2374,788.8938
2375,398.18433
2376,522.41534
2377,954.56396
2378,780.46295
2379,502.6581
2380,580.5435
2381,622.9266
2382,405.18213
2383,556.3559
2384,430.1124
2385,704.0819
2386,740.4736
2387,960.51306
2388,661.66046
2389,362.03677
2390,518.5646
2391,354.92654
2392,748.4696
2393,448.70248
2394,516.10345
2395,694.95966
2396,594.6781
2397,528.3136
2398,746.1686
2399,404.8035
2400,837.437
2401,280.54855
2402,413.00244
2403,1132.7445
2404,650.39594
2405,509.29425
2406,470.61386
2407,577.3549
2408,341.75812
2409,359.46506
2410,450.933
2411,470.6092
2412,419.06583
2413,369.3123
2414,591.40967
2415,939.2432
2416,613.8415
2417,727.50385
2418,760.26556
2419,857.7356
2420,288.2307
2421,548.8931
2422,746.84875
2423,449.81818
2424,559.0711
2425,253.50592
2426,1017.34375
2427,806.9488
2428,388.71652
2429,352.51578
2430,696.28815
2431,470.8328
2432,707.664
2433,917.1011
2434,782.2291
2435,971.62976
2436,417.76083
2437,346.5909
2438,735.0504
2439,289.58124
2440,434.57596
2441,358.47763
2442,657.3997
2443,518.0321
2444,363.41714
2445,638.09906
2446,625.06506
2447,725.7537
2448,596.0211
2449,518.77814
2450,884.3398
2451,751.90356
2452,317.7583
2453,872.05676
2454,711.07086
2455,564.60864
2456,512.2073
2457,375.62756
2458,729.1241
2459,735.2165
2460,589.08417
2461,493.92133
2462,629.99866
2463,552.72797
2464,508.59564
2465,590.9079
2466,452.1836
2467,535.46356
2468,694.0054
2469,709.7862
2470,597.03516
2471,818.9318
2472,357.7826
2473,500.72354
2474,297.7692
2475,519.6446
2476,460.7278
2477,504.9363
2478,591.32196
2479,690.249
2480,363.63126
2481,549.1694
2482,540.6124
2483,790.97424
2484,573.8286
2485,622.96643
2486,548.2416
2487,542.76825
2488,477.61755
2489,351.6508
2490,877.37024
2491,497.88284
2492,555.4696
2493,719.0838
2494,632.8787
2495,450.19455
2496,548.03546
2497,606.7772
2498,537.63403
2499,457.4769
2500,605.8888
2501,679.7694
2502,467.11032
2503,619.9561
2504,634.6031
2505,969.57574
2506,591.1824
2507,687.84705
2508,616.1767
2509,503.4855
2510,578.22766
2511,757.3439
2512,492.49225
2513,536.51886
2514,695.6191
2515,438.212
2516,993.0525
2517,459.2827
2518,658.26855
2519,846.75146
2520,644.7727
2521,685.10876
2522,700.9053
2523,885.44543
2524,589.98047
2525,459.57477
2526,561.55835
2527,714.6421
2528,295.53314
2529,452.09726
2530,815.83527
2531,641.68915
2532,504.02914
2533,650.5699
2534,506.61984
2535,1021.368
2536,471.32303
2537,951.2954
2538,741.6825
2539,720.5625
2540,596.4335
2541,510.0154
2542,447.0833
2543,409.71857
2544,759.10486
2545,736.56555
2546,782.9417
2547,1074.9337
2548,743.501
2549,653.3149
2550,579.1543
2551,479.6684
2552,460.99295
2553,824.6304
2554,671.8799
2555,552.92944
2556,552.6989
2557,464.72058
2558,428.11526
2559,723.57556
2560,577.4566
2561,596.07825
2562,371.22653
2563,458.88483
2564,778.64795
2565,620.005
2566,376.22845
2567,421.926
2568,454.00555
2569,659.2379
2570,600.6473
2571,489.20114
2572,747.13904
2573,414.25577
2574,584.2382
2575,542.94226
2576,419.81104
2577,387.70532
2578,631.08307
2579,454.03607
2580,406.09778
2581,360.45593
2582,357.06033
2583,640.6044
2584,448.33023
2585,478.13422
2586,658.26294
2587,740.2199
2588,839.754
2589,716.3565
2590,729.7298
2591,512.98096
2592,583.4095
2593,1049.482
2594,990.07495
2595,476.87683
2596,689.31555
2597,854.5752
2598,353.1296
2599,738.97797
2600,489.5173
2601,788.60815
2602,556.0722
2603,654.3925
2604,484.86572
2605,513.94763
2606,502.01633
2607,411.10544
2608,428.12244
2609,501.0139
2610,485.60928
2611,693.302
2612,595.8172
2613,652.25793
2614,732.8519
2615,553.0976
2616,441.67383
2617,343.34076
2618,996.0039
2619,655.4864
2620,811.3517
2621,753.0993
2622,420.80692
2623,748.2184
2624,441.61646
2625,914.8387
2626,404.2175
2627,497.82584
2628,803.2935
2629,632.9678
2630,422.09015
2631,903.1581
2632,541.8255
2633,467.7569
2634,407.23727
2635,618.2244
2636,614.4882
2637,405.93256
2638,643.7328
2639,519.02686
2640,562.1542
2641,457.7718
2642,448.7872
2643,392.96252
2644,469.8656
2645,769.33453
2646,492.14264
2647,870.07294
2648,489.08524
2649,544.6923
2650,855.1027
2651,577.42883
2652,631.6683
2653,767.3982
2654,524.2689
2655,861.4004
2656,474.4032
2657,720.7643
2658,646.1135
2659,457.18057
2660,520.06885
2661,679.06793
2662,575.7123
2663,580.62476
2664,421.7386
2665,641.75574
2666,420.61404
2667,568.8898
2668,371.88324
2669,762.38873
2670,633.2923
2671,614.5425
2672,605.0406
2673,555.5851
2674,381.12848
2675,461.9799
2676,447.35645
2677,746.567
2678,514.8713
2679,510.2912
2680,740.0398
2681,386.36328
2682,738.28125
2683,643.7346
2684,627.92523
2685,606.60156
2686,282.26367
2687,482.3626
2688,427.34555
2689,725.3195
2690,731.2895
2691,711.1816
2692,476.57162
2693,503.92868
2694,370.8019
2695,769.44995
2696,560.4744
2697,739.31586
2698,1013.4018
2699,552.8438
2700,468.49115
2701,434.25793
2702,677.8126
2703,717.0081
2704,499.81967
2705,667.572
2706,622.9179
2707,506.52338
2708,657.30774
2709,515.4749
2710,540.9731
2711,424.49738
2712,545.0479
2713,716.4524
2714,591.543
2715,337.68335
2716,444.99045
2717,425.892
2718,466.44626
2719,626.37256
2720,851.3523
2721,462.74442
2722,811.9269
2723,638.9195
2724,489.19666
2725,784.81445
2726,340.37912
2727,811.2203
2728,371.59344
2729,815.8426
2730,392.76685
2731,306.52664
2732,475.37955
2733,663.7204
2734,638.6284
2735,343.28247
2736,498.00128
2737,509.1122
2738,583.12427
2739,577.42523
2740,677.0568
2741,588.5089
2742,738.57745
2743,526.5591
2744,592.4893
2745,655.02905
2746,657.0291
2747,317.00418
2748,378.88153
2749,676.3698
2750,800.1986
2751,911.6486
2752,369.53275
2753,478.35754
2754,311.24515
2755,423.37106
2756,546.6685
2757,540.8795
2758,465.8284
2759,549.4258
2760,536.30896
2761,491.71817
2762,608.5604
2763,322.174
2764,664.84296
2765,708.5116
2766,794.40656
2767,479.18112
2768,441.53568
2769,670.24567
2770,807.71783
2771,593.9791
2772,576.8675
2773,739.1555
2774,397.9859
2775,424.76498
2776,667.8303
2777,347.90317
2778,818.35815
2779,611.0965
2780,601.7875
2781,649.44556
2782,443.92484
2783,822.3229
2784,807.7959
2785,511.63776
2786,344.68506
2787,460.87137
2788,634.02185
2789,350.08182
2790,551.93945
2791,373.66034
2792,372.876
2793,665.27997
2794,395.9671
2795,409.3702
2796,363.2665
2797,701.92566
2798,572.7512
2799,666.71497
2800,244.38559
2801,275.78558
2802,477.76123
2803,841.80615
2804,646.57404
2805,957.7324
2806,435.2584
2807,431.0757
2808,557.625
2809,398.41846
2810,573.6919
2811,631.47437
2812,411.95096
2813,590.38165
2814,606.5905
2815,630.14075
2816,375.88113
2817,467.67383
2818,799.6795
2819,580.8815
2820,441.24295
2821,915.2193
2822,809.2547
2823,683.44135
2824,625.05206
2825,740.32056
2826,846.451
2827,490.55145
2828,594.08057
2829,589.3726
2830,593.8346
2831,416.0272
2832,326.5592
2833,608.4677
2834,595.1783
2835,611.7808
2836,535.2851
2837,420.41934
2838,207.72144
2839,551.85266
2840,636.6677
2841,559.921
2842,368.0717
2843,462.25128
2844,598.753
2845,844.56683
2846,387.94128
2847,287.5858
2848,840.6569
2849,305.78186
2850,454.0121
2851,647.8703
2852,595.7712
2853,449.62753
2854,489.8247
2855,535.6091
2856,515.41864
2857,495.448
2858,584.4408
2859,414.69693
2860,684.1064
2861,910.5667
2862,759.5742
2863,567.714
2864,507.4499
2865,754.6458
2866,572.1921
2867,599.1861
2868,374.6317
2869,396.07874
2870,432.5812
2871,763.446
2872,773.74255
2873,466.9707
2874,419.66187
2875,636.8351
2876,544.01886
2877,381.31244
2878,362.68402
2879,501.88104
2880,400.05075
2881,582.00946
2882,512.01587
2883,611.4127
2884,415.56778
2885,475.38412
2886,674.7271
2887,494.75793
2888,476.00336
2889,657.35693
2890,1030.4202
2891,393.1801
2892,356.04016
2893,580.5584
2894,325.85477
2895,426.90494
2896,395.27542
2897,606.6193
2898,599.6235
2899,380.98813
2900,403.37247
2901,562.3382
2902,597.0069
2903,622.1589
2904,773.2759
2905,709.7662
2906,498.3891
2907,533.5325
2908,631.7305
2909,583.0581
2910,732.07306
2911,666.0914
2912,417.4496
2913,781.6301
2914,723.4915
2915,619.5922
2916,579.317
2917,553.1784
2918,493.71472
2919,545.8694
2920,511.97125
2921,830.8763
2922,408.43118
2923,401.70184
2924,308.2506
2925,629.1578
2926,636.4674
2927,476.31528
2928,552.01
2929,612.8788
2930,744.29816
2931,552.0871
2932,694.5388
2933,562.208
2934,507.85614
2935,683.1217
2936,491.69302
2937,735.28156
2938,574.0451
2939,815.9195
2940,461.99408
2941,572.69995
2942,461.09756
2943,818.01996
2944,438.43173
2945,711.20245
2946,557.9805
2947,471.14362
2948,373.68057
2949,510.0946
2950,386.90656
2951,481.80722
2952,427.41895
2953,739.1598
2954,537.5878
2955,432.7141
2956,729.9557
2957,687.87445
2958,574.30524
2959,757.9932
2960,432.60645
2961,629.46
2962,642.19507
2963,608.2743
2964,549.4223
2965,430.49353
2966,810.4171
2967,552.7253
2968,629.20593
2969,485.50995
2970,621.6811
2971,383.67462
2972,401.55554
2973,632.6547
2974,738.95844
2975,868.489
2976,689.1462
2977,624.10095
2978,692.6388
2979,306.48102
2980,280.69467
2981,490.35287
2982,610.18365
2983,682.15625
2984,636.9396
2985,621.96674
2986,620.3479
2987,489.65295
2988,649.62335
2989,380.9952
2990,531.4002
2991,573.0642
2992,900.3885
2993,372.3747
2994,671.02997
2995,692.2394
2996,549.09814
2997,479.81076
2998,695.9473
2999,624.815
3000,646.57947
3001,403.51633
3002,566.04663
3003,486.5002
3004,637.1944
3005,427.45544
3006,694.4605
3007,857.4143
3008,680.03534
3009,683.9294
3010,679.0824
3011,452.46112
3012,475.9186
3013,353.66006
3014,622.1176
3015,451.49045
3016,870.64386
3017,642.2038
3018,632.32117
3019,356.98587
3020,387.1905
3021,416.10535
3022,449.09726
3023,390.42218
3024,588.83514
3025,362.8826
3026,540.61743
3027,375.37924
3028,552.8562
3029,704.12317
3030,608.9341
3031,361.04227
3032,561.8466
3033,658.9707
3034,618.9588
3035,567.2113
3036,802.09204
3037,488.20868
3038,356.27747
3039,431.73303
3040,1018.35895
3041,395.94604
3042,434.4304
3043,485.82397
3044,486.5954
3045,476.34357
3046,558.5222
3047,599.8431
3048,623.6137
3049,872.8044
3050,721.9434
3051,467.12524
3052,860.73193
3053,634.6199
3054,637.0174
3055,605.71124
3056,438.1284
3057,933.8449
3058,668.0265
3059,383.7647
3060,755.1409
3061,616.15845
3062,445.95288
3063,424.6712
3064,486.01416
3065,355.28983
3066,554.8732
3067,712.7787
3068,715.12646
3069,332.23904
3070,429.05432
3071,753.1724
3072,502.97473
3073,554.8319
3074,602.3882
3075,924.81616
3076,596.0877
3077,788.34467
3078,493.3358
3079,588.3974
3080,610.79443
3081,567.23627
3082,505.4314
3083,478.49835
3084,592.8933
3085,366.6511
3086,536.514
3087,774.2193
3088,661.29083
3089,571.0315
3090,446.8871
3091,478.99594
3092,340.15564
3093,499.82364
3094,547.18896
3095,680.52563
3096,452.23215
3097,659.8864
3098,698.55054
3099,376.16962
3100,722.4893
3101,435.9517
3102,726.1918
3103,529.7699
3104,335.8592
3105,552.3246
3106,440.66812
3107,499.98166
3108,398.05753
3109,673.9279
3110,373.63727
3111,454.03256
3112,695.08453
3113,413.36954
3114,466.2953
3115,415.1525
3116,591.53125
3117,380.60068
3118,444.58533
3119,351.33347
3120,756.0563
3121,613.8154
3122,595.45355
3123,839.96606
3124,593.40533
3125,408.0461
3126,637.08496
3127,595.5765
3128,566.1344
3129,583.80585
3130,699.2672
3131,845.6293
3132,818.1767
3133,325.3226
3134,831.1602
3135,580.60925
3136,546.4543
3137,457.5612
3138,558.2925
3139,506.7327
3140,579.1621
3141,487.55637
3142,789.6766
3143,489.73163
3144,407.79077
3145,906.5769
3146,549.6308
3147,778.8485
3148,428.17697
3149,473.47888
3150,753.6252
3151,603.33563
3152,719.82416
3153,372.40192
3154,404.09912
3155,927.93805
3156,675.0305
3157,686.2048
3158,354.8037
3159,532.4834
3160,297.96848
3161,499.68024
3162,634.11743
3163,692.5305
3164,880.9483
3165,795.99115
3166,665.05066
3167,335.46344
3168,403.6389
3169,570.52655
3170,655.43994
3171,1112.156
3172,707.81116
3173,715.0557
3174,565.3846
3175,487.46286
3176,692.3095
3177,443.83203
3178,518.56506
3179,427.21863
3180,797.451
3181,961.6959
3182,415.43744
3183,605.4143
3184,468.70206
3185,417.6796
3186,618.3209
3187,378.09106
3188,380.47025
3189,795.27747
3190,640.84534
3191,466.60907
3192,344.77155
3193,461.3628
3194,338.61072
3195,626.83484
3196,463.82623
3197,475.68396
3198,371.9429
3199,509.03525
3200,626.0511
3201,559.8955
3202,544.518
3203,555.8732
3204,641.0033
3205,322.56476
3206,564.3181
3207,536.19
3208,819.219
3209,543.03107
3210,697.87823
3211,712.4098
3212,622.81415
3213,399.19406
3214,871.29095
3215,337.03674
3216,284.70306
3217,854.54553
3218,485.77304
3219,579.5455
3220,603.5394
3221,807.723
3222,839.4576
3223,652.60657
3224,602.09094
3225,506.60754
3226,854.0584
3227,332.21613
3228,693.7092
3229,708.46747
3230,524.8396
3231,610.6602
3232,488.52863
3233,764.09924
3234,404.0992
3235,719.8923
3236,519.8151
3237,668.4073
3238,535.6172
3239,291.38663
3240,964.6405
3241,418.05243
3242,371.46835
3243,657.5704
3244,591.19116
3245,657.6761
3246,378.30554
3247,751.6067
3248,649.1711
3249,702.44495
3250,508.22525
3251,503.83926
3252,606.576
3253,649.1146
3254,627.2284
3255,462.68225
3256,633.5945
3257,567.0749
3258,527.32715
3259,458.6964
3260,655.8958
3261,599.7496
3262,607.1608
3263,388.5538
3264,460.99023
3265,584.43365
3266,597.77814
3267,364.36713
3268,390.73367
3269,750.3573
3270,570.33984
3271,494.491
3272,590.1078
3273,275.7431
3274,634.79675
3275,422.04932
3276,531.6837
3277,629.5972
3278,231.40535
3279,550.4052
3280,772.251
3281,479.13168
3282,714.37616
3283,321.0749
3284,505.1968
3285,769.17755
3286,370.51617
3287,736.3247
3288,659.71643
3289,560.7447
3290,805.63525
3291,1010.7875
3292,506.07663
3293,839.4532
3294,562.13696
3295,519.35815
3296,482.83344
3297,672.2277
3298,661.3982
3299,708.89246
3300,394.1691
3301,455.66193
3302,612.80493
3303,368.10718
3304,591.7367
3305,597.1763
3306,475.8017
3307,618.1435
3308,777.51416
3309,608.5282
3310,533.00336
3311,515.0637
3312,337.6087
3313,695.15234
3314,684.77277
3315,726.2263
3316,831.83093
3317,715.10376
3318,870.5949
3319,422.90997
3320,797.186
3321,433.94928
3322,658.0365
3323,750.5681
3324,360.1723
3325,604.89465
3326,657.7521
3327,416.66553
3328,444.5817
3329,640.1348
3330,493.1041
3331,423.08624
3332,733.9375
3333,510.50885
3334,589.6926
3335,550.59656
3336,768.7934
3337,745.58905
3338,824.0162
3339,833.5082
3340,506.51862
3341,497.3329
3342,445.56433
3343,796.2504
3344,561.86334
3345,507.6447
3346,572.469
3347,678.27936
3348,387.33417
3349,638.4903
3350,592.30853
3351,439.25748
3352,491.32907
3353,546.7505
3354,475.7179
3355,523.20245
3356,597.37787
3357,387.91092
3358,704.7278
3359,602.3358
3360,636.4046
3361,451.10593
3362,545.40717
3363,876.58936
3364,669.4004
3365,367.4215
3366,460.27695
3367,867.80505
3368,451.19348
3369,1100.67
3370,791.47644
3371,822.4224
3372,684.53186
3373,731.3282
3374,356.4696
3375,523.8583
3376,628.373
3377,822.67017
3378,471.70535
3379,603.4886
3380,453.2599
3381,736.4517
3382,394.98483
3383,709.473
3384,538.4121
3385,604.4024
3386,561.81
3387,780.579
3388,440.06717
3389,763.58844
3390,736.99207
3391,669.1125
3392,624.9598
3393,684.5486
3394,642.5221
3395,479.15546
3396,646.6844
3397,399.77063
3398,680.31903
3399,617.5258
3400,730.5566
3401,517.9979
3402,432.3961
3403,526.93207
3404,566.4217
3405,572.8242
3406,412.36392
3407,546.911
3408,636.77826
3409,572.78485
3410,468.94724
3411,744.062
3412,534.5247
3413,727.06195
3414,604.9371
3415,842.70123
3416,579.3328
3417,392.3494
3418,459.80487
3419,534.0217
3420,576.04407
3421,444.8828
3422,643.08673
3423,306.84702
3424,743.0344
3425,540.7724
3426,362.1893
3427,650.36395
3428,631.4423
3429,707.6192
3430,559.9407
3431,725.0123
3432,690.5748
3433,653.12854
3434,568.31506
3435,866.7249
3436,699.76526
3437,460.74728
3438,514.76544
3439,481.77942
3440,543.37244
3441,782.566
3442,420.57947
3443,598.8796
3444,855.9721
3445,780.4719
3446,608.2893
3447,419.9083
3448,563.9946
3449,484.97443
3450,501.6755
3451,391.76617
3452,589.93
3453,622.2211
3454,671.8802
3455,335.30542
3456,574.9738
3457,745.66223
3458,408.4773
3459,833.8936
3460,494.82166
3461,384.50333
3462,386.1218
3463,454.82544
3464,469.41577
3465,694.11426
3466,606.7136
3467,370.32816
3468,683.2122
3469,685.6458
3470,445.2203
3471,449.3885
3472,602.25433
3473,641.6192
3474,653.0552
3475,830.4968
3476,631.7809
3477,702.58093
3478,594.8727
3479,396.59988
3480,354.052
3481,482.63184
3482,662.4483
3483,445.67694
3484,348.78192
3485,729.6592
3486,716.18646
3487,499.48132
3488,631.8894
3489,454.29236
3490,736.7322
3491,1067.2012
3492,702.3861
3493,762.8987
3494,750.90216
3495,617.0634
3496,389.44574
3497,512.36395
3498,337.72906
3499,584.2671
3500,839.57635
3501,750.32135
3502,383.31604
3503,338.5236
3504,674.33386
3505,396.49078
3506,347.40454
3507,633.4324
3508,421.43756
3509,421.75616
3510,715.15936
3511,608.14014
3512,696.8554
3513,407.61975
3514,588.4527
3515,477.18607
3516,572.185
3517,432.00235
3518,782.01294
3519,593.62573
3520,495.33932
3521,753.6809
3522,340.09906
3523,540.68756
3524,288.3931
3525,680.37366
3526,469.58746
3527,565.9753
3528,857.64056
3529,504.63318
3530,476.8835
3531,562.54297
3532,426.5015
3533,424.9202
3534,518.7437
3535,422.18076
3536,337.66904
3537,809.9098
3538,418.3118
3539,324.85413
3540,725.67194
3541,556.47406
3542,892.8843
3543,650.8554
3544,398.96317
3545,562.4115
3546,722.19385
3547,728.97205
3548,521.068
3549,898.9532
3550,452.0276
3551,661.0982
3552,629.9705
3553,771.65204
3554,497.53714
3555,295.16306
3556,687.3482
3557,606.83984
3558,895.6751
3559,651.391
3560,1048.9708
3561,536.092
3562,649.8548
3563,633.4153
3564,556.7343
3565,441.09705
3566,498.12546
3567,272.0267
3568,507.21655
3569,753.8173
3570,482.39035
3571,541.7499
3572,504.30502
3573,556.1068
3574,488.8926
3575,609.93964
3576,850.78253
3577,444.55045
3578,707.1424
3579,514.52765
3580,723.4774
3581,545.6748
3582,682.94745
3583,480.0074
3584,625.6903
3585,400.57742
3586,589.5895
3587,797.79895
3588,689.043
3589,912.75684
3590,672.1727
3591,499.33813
3592,416.00085
3593,552.2495
3594,480.8222
3595,505.14255
3596,787.644
3597,389.76288
3598,488.68216
3599,324.6293
3600,508.01865
3601,541.0011
3602,637.29095
3603,437.0536
3604,460.34882
3605,545.44775
3606,776.165
3607,522.5225
3608,342.57047
3609,624.447
3610,466.42383
3611,874.7522
3612,773.59595
3613,714.7685
3614,676.6766
3615,537.62476
3616,550.6143
3617,746.5782
3618,589.3274
3619,571.7108
3620,392.19998
3621,718.54553
3622,723.8471
3623,563.3393
3624,479.19446
3625,416.7274
3626,442.1467
3627,558.3738
3628,426.79788
3629,339.78027
3630,419.72092
3631,897.96094
3632,703.9605
3633,846.7249
3634,469.01413
3635,513.40283
3636,524.3688
3637,613.34705
3638,218.06004
3639,434.03842
3640,620.1027
3641,514.353
3642,514.46704
3643,750.0533
3644,570.0451
3645,606.81464
3646,616.0447
3647,460.37854
3648,755.36774
3649,568.00323
3650,714.9689
3651,615.6665
3652,699.57526
3653,819.95013
3654,727.1932
3655,407.87857
3656,599.26764
3657,455.69232
3658,426.33713
3659,670.24506
3660,345.20148
3661,671.0675
3662,578.0747
3663,406.2932
3664,478.9092
3665,630.16455
3666,370.0866
3667,330.05838
3668,412.5279
3669,661.9612
3670,731.9391
3671,530.1052
3672,631.6889
3673,464.05225
3674,679.69946
3675,766.5996
3676,585.7517
3677,478.47382
3678,505.09387
3679,600.2004
3680,349.2954
3681,607.69836
3682,356.9427
3683,505.21426
3684,709.006
3685,848.5028
3686,571.66003
3687,622.799
3688,601.729
3689,735.1771
3690,384.09802
3691,743.6254
3692,431.3126
3693,349.15622
3694,647.66327
3695,256.99878
3696,522.2014
3697,670.08026
3698,224.88261
3699,285.42252
3700,821.862
3701,897.8139
3702,391.91354
3703,464.0149
3704,551.84283
3705,498.2485
3706,1006.68365
3707,656.5356
3708,342.22433
3709,274.67755
3710,678.9659
3711,612.31445
3712,439.65286
3713,565.8853
3714,776.5458
3715,536.2325
3716,417.79086
3717,767.5204
3718,280.95776
3719,666.60706
3720,806.64197
3721,687.0411
3722,407.786
3723,508.53125
3724,545.58435
3725,514.7378
3726,860.197
3727,455.64563
3728,553.5531
3729,523.0953
3730,273.83365
3731,628.10724
3732,368.2387
3733,663.5795
3734,465.86945
3735,245.16013
3736,538.7783
3737,558.5436
3738,1015.1329
3739,832.75476
3740,642.0402
3741,451.01852
3742,974.84607
3743,384.4164
3744,614.09094
3745,813.1111
3746,683.3135
3747,404.0685
3748,615.6698
3749,681.52203
3750,603.6071
3751,605.79034
3752,591.01666
3753,449.48657
3754,435.15793
3755,726.5987
3756,727.2484
3757,463.74777
3758,549.81494
3759,438.22195
3760,434.37003
3761,763.76776
3762,850.25714
3763,598.1831
3764,934.4799
3765,612.26935
3766,475.09995
3767,299.94363
3768,564.4586
3769,444.00165
3770,701.6342
3771,529.15375
3772,612.9881
3773,613.7058
3774,621.5805
3775,551.50946
3776,673.6432
3777,706.235
3778,827.7843
3779,594.83386
3780,251.25801
3781,487.6043
3782,598.65784
3783,560.02106
3784,734.02454
3785,601.8003
3786,662.99506
3787,480.9697
3788,405.87027
3789,541.0386
3790,591.2414
3791,564.2104
3792,460.65598
3793,480.93
3794,551.00433
3795,773.2535
3796,651.6959
3797,527.2355
3798,474.08444
3799,741.588
3800,562.9113
3801,802.92725
3802,470.60617
3803,631.15924
3804,848.9479
3805,343.98605
3806,492.34555
3807,872.5116
3808,753.8419
3809,577.12915
3810,781.7548
3811,530.77625
3812,396.56796
3813,457.03775
3814,595.5391
3815,586.1832
3816,779.6787
3817,391.4871
3818,664.7695
3819,670.74164
3820,455.1398
3821,525.25305
3822,564.3568
3823,559.3796
3824,697.4736
3825,591.484
3826,614.67535
3827,496.27945
3828,599.3
3829,582.00793
3830,793.112
3831,781.8628
3832,503.72726
3833,901.83875
3834,447.5676
3835,770.69116
3836,469.01862
3837,507.51535
3838,473.04504
3839,1140.9576
3840,335.661
3841,608.223
3842,360.7999
3843,570.2086
3844,577.10156
3845,710.4817
3846,345.57928
3847,599.45953
3848,594.9164
3849,491.4395
3850,536.00665
3851,813.68085
3852,584.62085
3853,300.1794
3854,553.43774
3855,429.91238
3856,437.63144
3857,637.64734
3858,483.1626
3859,585.61536
3860,709.2532
3861,569.16534
3862,598.45337
3863,709.3281
3864,503.3992
3865,709.1338
3866,829.3968
3867,747.37354
3868,710.622
3869,589.42346
3870,708.6139
3871,701.2099
3872,399.2871
3873,442.40207
3874,573.9702
3875,309.03412
3876,967.6701
3877,385.91583
3878,393.41473
3879,481.24435
3880,857.8184
3881,616.34644
3882,278.73486
3883,748.8176
3884,811.0007
3885,899.9388
3886,688.2088
3887,740.57025
3888,460.7379
3889,856.8384
3890,547.62976
3891,582.0708
3892,678.1539
3893,377.3301
3894,728.4743
3895,488.62952
3896,556.0443
3897,824.1409
3898,703.80255
3899,522.563
3900,665.42
3901,622.3528
3902,454.26324
3903,509.66675
3904,464.89447
3905,248.10492
3906,474.13715
3907,444.04175
3908,664.2313
3909,482.68817
3910,682.7705
3911,732.06696
3912,432.22638
3913,664.0715
3914,594.87024
3915,423.52332
3916,575.2598
3917,421.77228
3918,463.28107
3919,725.6342
3920,836.4387
3921,612.9654
3922,429.63483
3923,358.86087
3924,292.14297
3925,627.46893
3926,637.0931
3927,505.73428
3928,478.61423
3929,560.685
3930,555.25385
3931,567.87555
3932,735.59076
3933,602.6353
3934,855.21954
3935,585.6547
3936,741.3377
3937,838.27783
3938,612.229
3939,562.0147
3940,693.6588
3941,327.0205
3942,750.2695
3943,443.0448
3944,634.4166
3945,423.7362
3946,377.00745
3947,384.11652
3948,636.45245
3949,600.051
3950,405.34134
3951,627.138
3952,745.4896
3953,411.34592
3954,717.5483
3955,370.05
3956,347.19882
3957,337.7218
3958,686.82184
3959,262.0897
3960,364.32068
3961,500.00485
3962,466.9296
3963,922.8423
3964,970.54456
3965,542.1713
3966,887.44464
3967,695.9795
3968,633.026
3969,289.15936
3970,531.2914
3971,380.40024
3972,485.05753
3973,653.8986
3974,287.14603
3975,442.58142
3976,365.80905
3977,592.76294
3978,502.38614
3979,419.79846
3980,450.50848
3981,391.00482
3982,580.56866
3983,417.67163
3984,705.5165
3985,519.626
3986,589.38745
3987,479.35217
3988,494.658
3989,629.8307
3990,799.53156
3991,646.42053
3992,715.8924
3993,562.41766
3994,385.3915
3995,320.50333
3996,330.53564
3997,643.32513
3998,532.1557
3999,771.78625
4000,475.87247
4001,586.20807
4002,840.3753
4003,460.6336
4004,456.55325
4005,472.3579
4006,368.24692
4007,576.80615
4008,979.1415
4009,612.73016
4010,839.3923
4011,749.067
4012,412.53217
4013,463.12338
4014,541.96704
4015,411.52243
4016,525.1111
4017,921.72076
4018,689.6288
4019,536.62384
4020,595.5264
4021,683.8999
4022,604.24054
4023,665.80865
4024,867.1114
4025,443.70074
4026,811.76807
4027,515.0644
4028,674.37946
4029,528.7659
4030,538.19116
4031,584.5956
4032,411.36487
4033,383.1551
4034,731.774
4035,512.53204
4036,435.89096
4037,679.026
4038,483.98117
4039,531.50305
4040,497.38437
4041,760.1859
4042,561.08044
4043,650.1692
4044,590.7017
4045,546.9642
4046,727.81055
4047,392.38663
4048,393.78723
4049,462.65338
4050,430.3218
4051,284.06998
4052,528.9998
4053,665.5714
4054,560.4535
4055,496.07693
4056,502.60458
4057,605.0391
4058,408.32672
4059,633.7912
4060,661.7725
4061,841.19244
4062,650.11536
4063,661.1275
4064,820.8127
4065,638.8856
4066,512.7218
4067,584.84033
4068,597.98694
4069,558.5252
4070,529.0681
4071,470.4026
4072,429.57407
4073,551.6675
4074,649.1649
4075,693.9713
4076,622.30597
4077,616.2221
4078,522.8701
4079,616.48047
4080,788.06793
4081,598.55945
4082,419.34796
4083,448.76083
4084,734.16504
4085,872.45966
4086,588.09155
4087,731.6671
4088,405.6549
4089,871.77234
4090,830.9562
4091,505.02097
4092,705.4627
4093,655.73376
4094,354.0034
4095,846.01483
4096,496.15768
4097,603.14044
4098,562.37317
4099,432.9719
4100,477.9484
4101,635.6553
4102,698.4411
4103,438.03305
4104,388.28757
4105,615.88165
4106,411.35507
4107,803.18823
4108,566.8786
4109,582.71515
4110,641.2376
4111,516.1986
4112,560.581
4113,450.17657
4114,599.4839
4115,580.6504
4116,549.27795
4117,479.85812
4118,363.45032
4119,421.96515
4120,445.8267
4121,692.1221
4122,582.8399
4123,416.22186
4124,392.02057
4125,555.7051
4126,779.7127
4127,951.12726
4128,508.6949
4129,501.69852
4130,656.15955
4131,575.3759
4132,897.6452
4133,589.4527
4134,640.7403
4135,450.36398
4136,481.2435
4137,908.0963
4138,595.148
4139,285.16522
4140,598.49005
4141,554.7215
4142,613.93567
4143,482.31323
4144,675.2934
4145,639.84894
4146,595.4661
4147,632.0637
4148,727.8284
4149,360.27637
4150,870.6989
4151,614.53217
4152,456.1668
4153,473.37717
4154,463.67087
4155,402.32068
4156,438.27658
4157,575.223
4158,581.88293
4159,296.59323
4160,896.6999
4161,304.10736
4162,386.44604
4163,532.0958
4164,832.97546
4165,691.2831
4166,584.30865
4167,601.5934
4168,587.07294
4169,337.2681
4170,473.87552
4171,571.0647
4172,536.91754
4173,403.6254
4174,615.4909
4175,635.53204
4176,435.08884
4177,579.7082
4178,575.394
4179,559.8626
4180,702.4416
4181,578.81946
4182,746.2661
4183,509.9173
4184,358.79846
4185,392.90726
4186,854.8003
4187,843.5012
4188,666.91626
4189,622.88116
4190,600.1076
4191,1116.8755
4192,392.01575
4193,439.9961
4194,660.81934
4195,656.87573
4196,337.19678
4197,764.6942
4198,581.9383
4199,369.578
4200,409.79718
4201,458.2775
4202,384.42188
4203,772.39667
4204,716.66376
4205,1037.761
4206,537.2898
4207,834.87897
4208,690.6444
4209,447.43045
4210,575.39465
4211,701.92474
4212,620.97925
4213,750.9824
4214,405.61746
4215,527.38416
4216,550.8557
4217,518.5946
4218,729.57904
4219,534.07416
4220,456.04874
4221,734.8192
4222,694.78546
4223,670.67
4224,319.51483
4225,665.84424
4226,829.90875
4227,465.86032
4228,694.00793
4229,771.06647
4230,484.12607
4231,236.69852
4232,671.8213
4233,593.979
4234,569.00354
4235,620.7136
4236,585.54205
4237,498.63727
4238,368.18454
4239,560.9541
4240,546.3735
4241,564.64075
4242,228.47275
4243,951.0233
4244,415.0185
4245,531.99286
4246,836.20935
4247,524.22437
4248,586.40155
4249,385.90262
4250,429.57214
4251,616.6246
4252,463.4333
4253,508.54507
4254,544.4087
4255,340.13428
4256,294.99313
4257,584.39386
4258,436.48245
4259,667.4525
4260,454.94016
4261,451.8772
4262,665.5573
4263,780.7825
4264,787.2199
4265,770.2602
4266,295.40524
4267,482.80225
4268,289.46765
4269,1056.9004
4270,607.93024
4271,829.1034
4272,673.80066
4273,383.508
4274,563.45856
4275,330.07397
4276,897.87146
4277,300.62845
4278,470.15994
4279,577.41656
4280,667.4995
4281,635.93414
4282,499.32617
4283,579.87787
4284,307.667
4285,381.04303
4286,519.81824
4287,581.3847
4288,400.82227
4289,756.2049
4290,434.5371
4291,437.19235
4292,676.42035
4293,543.89526
4294,321.5626
4295,387.7004
4296,634.7958
4297,638.3856
4298,408.08316
4299,540.68665
4300,583.394
4301,413.5402
4302,746.24426
4303,528.202
4304,309.77695
4305,884.75183
4306,532.06696
4307,779.3974
4308,437.8616
4309,339.5823
4310,647.7992
4311,439.37427
4312,729.9223
4313,631.7246
4314,581.1486
4315,551.72705
4316,466.12866
4317,275.00024
4318,967.5087
4319,617.48315
4320,512.83167
4321,730.1721
4322,358.06125
4323,748.47327
4324,606.1906
4325,427.66605
4326,787.93317
4327,527.7159
4328,565.84454
4329,760.2132
4330,606.3156
4331,467.80154
4332,330.31653
4333,429.5498
4334,900.8093
4335,399.21225
4336,356.57104
4337,952.8712
4338,702.00946
4339,731.09705
4340,721.0263
4341,403.84973
4342,700.41833
4343,506.62253
4344,233.38957
4345,435.74478
4346,442.96924
4347,471.69434
4348,757.8353
4349,411.00656
4350,353.88956
4351,302.32047
4352,783.9481
4353,816.83856
4354,563.53534
4355,798.32153
4356,474.56323
4357,490.2848
4358,782.1695
4359,583.02844
4360,495.161
4361,374.00928
4362,676.8814
4363,389.85382
4364,711.215
4365,580.84265
4366,441.98474
4367,622.102
4368,587.14594
4369,291.6026
4370,432.4453
4371,696.5447
4372,404.54843
4373,510.11752
4374,479.2954
4375,562.6721
4376,898.1162
4377,615.3276
4378,449.56992
4379,505.61664
4380,524.07153
4381,952.39124
4382,602.5277
4383,408.91
4384,361.23386
4385,732.1061
4386,532.9455
4387,829.4479
4388,830.08295
4389,479.493
4390,392.44873
4391,900.7142
4392,518.06287
4393,451.33807
4394,561.7467
4395,682.0432
4396,670.3684
4397,506.8869
4398,597.42285
4399,452.22098
4400,545.0369
4401,386.08636
4402,405.94962
4403,642.479
4404,518.22577
4405,845.45544
4406,547.09784
4407,597.72516
4408,574.90076
4409,466.45416
4410,362.56042
4411,362.441
4412,455.7311
4413,394.4306
4414,388.3596
4415,372.9658
4416,335.90338
4417,457.8492
4418,503.12936
4419,838.19366
4420,639.4306
4421,340.62048
4422,634.16565
4423,516.83856
4424,502.34427
4425,482.0032
4426,565.67426
4427,365.78345
4428,516.352
4429,557.41565
4430,578.6049
4431,359.24985
4432,487.08728
4433,762.22876
4434,477.29126
4435,334.80768
4436,731.67535
4437,566.4936
4438,503.551
4439,421.78323
4440,444.56696
4441,750.8943
4442,693.41724
4443,636.6536
4444,785.74475
4445,614.0207
4446,577.5262
4447,556.61414
4448,391.15256
4449,527.6156
4450,654.7293
4451,675.896
4452,697.35803
4453,729.04047
4454,655.37024
4455,639.3611
4456,635.87195
4457,658.59
4458,474.65286
4459,564.1695
4460,1080.0164
4461,685.04987
4462,425.1081
4463,982.11
4464,325.8951
4465,537.5096
4466,545.678
4467,538.4671
4468,763.2439
4469,404.23752
4470,696.19836
4471,710.7982
4472,609.32886
4473,725.3688
4474,467.34332
4475,488.25485
4476,635.574
4477,331.7191
4478,546.5861
4479,304.15967
4480,525.20953
4481,510.7855
4482,397.7011
4483,337.7107
4484,573.63055
4485,335.47864
4486,424.44324
4487,597.6747
4488,397.58932
4489,491.29114
4490,474.68
4491,691.7652
4492,777.18884
4493,590.362
4494,519.2054
4495,438.84454
4496,499.39633
4497,474.01114
4498,390.59543
4499,459.40256
4500,820.82074
4501,611.8484
4502,495.15268
4503,324.38132
4504,754.0259
4505,521.3079
4506,474.63052
4507,550.16095
4508,275.56052
4509,434.72446
4510,470.61755
4511,522.9269
4512,742.1008
4513,563.31433
4514,327.04868
4515,580.8072
4516,553.4252
4517,572.29144
4518,411.11926
4519,940.4936
4520,843.23157
4521,718.8849
4522,586.42804
4523,502.26736
4524,720.2553
4525,503.51874
4526,631.2212
4527,580.22705
4528,749.9623
4529,384.8085
4530,561.11017
4531,749.1977
4532,559.0794
4533,815.8484
4534,1115.9246
4535,644.8257
4536,532.1126
4537,566.2045
4538,591.71155
4539,724.78827
4540,393.98242
4541,637.2213
4542,390.98416
4543,768.3788
4544,561.42566
4545,626.69696
4546,491.65558
4547,1030.1798
4548,504.85522
4549,371.59628
4550,565.97925
4551,373.69858
4552,316.34842
4553,317.34662
4554,600.9098
4555,691.05444
4556,588.7991
4557,643.9972
4558,489.91397
4559,652.91064
4560,550.27545
4561,661.6496
4562,451.5658
4563,416.7872
4564,656.0238
4565,612.89667
4566,412.17615
4567,546.62854
4568,358.1723
4569,909.2749
4570,336.60843
4571,517.4497
4572,755.47095
4573,659.28674
4574,666.6751
4575,503.1954
4576,898.9916
4577,668.9092
4578,656.3188
4579,698.63184
4580,439.9717
4581,593.40356
4582,644.3922
4583,448.73282
4584,477.99197
4585,407.17508
4586,244.46886
4587,293.52533
4588,756.87354
4589,544.98663
4590,667.3457
4591,643.70984
4592,349.82947
4593,568.40497
4594,319.04877
4595,609.5911
4596,806.56177
4597,513.2974
4598,614.5343
4599,632.4545
4600,371.63474
4601,321.21072
4602,729.8158
4603,468.75595
4604,657.3961
4605,402.57434
4606,534.7484
4607,431.8527
4608,423.4045
4609,546.5733
4610,365.04556
4611,432.54077
4612,557.6731
4613,589.64923
4614,679.6329
4615,334.2914
4616,715.2812
4617,262.30408
4618,515.291
4619,672.81696
4620,462.16818
4621,608.3566
4622,888.04114
4623,745.96313
4624,548.75116
4625,705.2767
4626,827.9629
4627,400.62787
4628,443.87436
4629,280.20334
4630,493.2757
4631,377.19092
4632,742.76587
4633,704.5393
4634,698.8164
4635,326.0173
4636,498.5499
4637,910.9292
4638,638.7933
4639,684.65137
4640,429.1185
4641,518.35
4642,710.3513
4643,412.75937
4644,419.4461
4645,877.5811
4646,716.8781
4647,761.339
4648,749.51276
4649,520.11224
4650,1168.212
4651,642.77155
4652,602.6148
4653,598.35974
4654,588.0968
4655,746.9315
4656,612.89606
4657,671.98645
4658,689.09106
4659,282.62354
4660,455.1644
4661,568.83923
4662,505.5495
4663,724.75244
4664,745.3033
4665,559.5382
4666,607.87714
4667,364.72134
4668,681.81085
4669,737.89685
4670,529.893
4671,668.5187
4672,546.95294
4673,583.84985
4674,728.56494
4675,469.29303
4676,407.2114
4677,431.43192
4678,451.7116
4679,316.2656
4680,660.24884
4681,309.10992
4682,783.8317
4683,560.24506
4684,665.29504
4685,405.4885
4686,679.84766
4687,271.53033
4688,686.62354
4689,706.9765
4690,706.5804
4691,492.62393
4692,706.73126
4693,845.7322
4694,347.25836
4695,830.81854
4696,498.65195
4697,517.7344
4698,404.17307
4699,468.66653
4700,403.84918
4701,595.71326
4702,454.79727
4703,409.179
4704,434.8001
4705,704.0423
4706,660.56793
4707,362.6542
4708,532.517
4709,550.6096
4710,718.11383
4711,599.8004
4712,590.98
4713,846.36224
4714,454.88794
4715,515.5422
4716,814.33826
4717,621.34735
4718,616.741
4719,503.15546
4720,484.4762
4721,584.00714
4722,709.0925
4723,607.4746
4724,646.4866
4725,485.344
4726,683.6491
4727,467.7201
4728,752.5862
4729,649.3415
4730,489.89987
4731,484.2636
4732,650.11053
4733,428.7237
4734,699.65485
4735,465.25797
4736,590.21
4737,551.16095
4738,706.7662
4739,712.8573
4740,593.4133
4741,707.0539
4742,450.3624
4743,740.569
4744,682.84607
4745,623.7627
4746,467.9422
4747,564.0292
4748,523.7846
4749,427.20197
4750,382.91885
4751,654.1077
4752,729.4233
4753,439.6858
4754,509.96378
4755,689.97363
4756,709.2326
4757,533.1559
4758,466.4428
4759,476.29767
4760,415.62924
4761,460.97415
4762,304.68658
4763,652.8575
4764,404.91815
4765,673.17566
4766,280.47006
4767,476.61078
4768,864.79626
4769,636.39746
4770,560.74884
4771,594.2535
4772,686.93396
4773,564.9411
4774,683.1728
4775,648.71045
4776,530.8405
4777,905.19147
4778,560.09436
4779,331.76135
4780,680.06647
4781,475.51688
4782,468.33685
4783,794.85266
4784,448.66693
4785,848.756
4786,364.01312
4787,510.86536
4788,798.2864
4789,447.14255
4790,421.09845
4791,684.5764
4792,390.56192
4793,527.7009
4794,452.97406
4795,536.1596
4796,351.01663
4797,564.45734
4798,597.9214
4799,485.16937
4800,574.0191
4801,435.26758
4802,656.626
4803,739.19257
4804,701.6518
4805,466.00574
4806,796.5195
4807,625.88074
4808,597.0912
4809,484.33987
4810,466.3587
4811,658.7234
4812,509.01578
4813,907.7409
4814,744.1449
4815,562.424
4816,620.37726
4817,511.87695
4818,800.9478
4819,545.345
4820,384.77835
4821,722.4061
4822,690.27124
4823,253.05711
4824,364.695
4825,504.364
4826,669.2634
4827,395.09607
4828,323.46725
4829,796.1861
4830,360.67007
4831,691.28894
4832,638.483
4833,315.00513
4834,672.1774
4835,530.82416
4836,613.58844
4837,703.5969
4838,586.1526
4839,527.5166
4840,524.8029
4841,807.22815
4842,580.5532
4843,641.27545
4844,542.97833
4845,531.2629
4846,289.45734
4847,453.90784
4848,542.4203
4849,684.4875
4850,626.6845
4851,483.916
4852,478.52576
4853,873.18414
4854,378.99844
4855,909.51996
4856,640.98755
4857,504.5879
4858,494.89957
4859,531.5331
4860,689.45544
4861,553.0435
4862,794.79456
4863,985.21344
4864,399.83206
4865,680.07135
4866,921.24884
4867,537.0873
4868,487.36398
4869,475.52823
4870,624.82294
4871,578.27344
4872,400.30322
4873,795.1452
4874,791.28186
4875,896.48846
4876,466.85443
4877,704.2741
4878,554.78125
4879,488.62744
4880,435.30743
4881,632.7531
4882,603.86896
4883,416.27365
4884,373.53122
4885,730.2177
4886,812.50366
4887,571.71594
4888,731.00055
4889,596.8366
4890,333.23175
4891,804.3048
4892,319.73074
4893,591.07635
4894,484.1908
4895,469.46982
4896,784.6111
4897,733.1649
4898,481.1231
4899,516.4408
4900,681.6471
4901,350.66565
4902,594.3023
4903,1002.82477
4904,625.1044
4905,335.57373
4906,596.28754
4907,727.4407
4908,488.09735
4909,631.9669
4910,538.2352
4911,595.8881
4912,537.79034
4913,722.95593
4914,562.6487
4915,474.6969
4916,793.36896
4917,596.84296
4918,376.8626
4919,532.81903
4920,521.05975
4921,642.42523
4922,532.43884
4923,615.72705
4924,1019.2922
4925,627.08044
4926,730.75214
4927,484.20264
4928,770.4008
4929,888.1604
4930,403.21262
4931,438.70462
4932,606.8692
4933,625.5996
4934,429.1795
4935,448.83856
4936,586.6121
4937,631.67737
4938,452.55377
4939,617.96277
4940,245.1809
4941,641.0849
4942,493.10938
4943,482.85358
4944,690.7706
4945,410.13748
4946,604.5176
4947,281.63535
4948,662.99774
4949,656.90656
4950,622.31555
4951,610.7651
4952,791.15594
4953,549.3176
4954,526.433
4955,598.8823
4956,576.386
4957,755.4906
4958,693.64185
4959,707.2622
4960,473.08078
4961,363.52338
4962,461.06088
4963,392.21835
4964,682.18384
4965,979.70575
4966,399.8009
4967,791.8835
4968,578.92334
4969,953.43176
4970,1045.3539
4971,478.1363
4972,559.1737
4973,560.28754
4974,383.36154
4975,422.61032
4976,449.25574
4977,671.7338
4978,659.5803
4979,448.71738
4980,734.89374
4981,817.41235
4982,658.3843
4983,290.14697
4984,676.701
4985,653.10223
4986,507.09644
4987,723.0589
4988,724.8735
4989,587.354
4990,515.67633
4991,544.114
4992,544.7144
4993,482.104
4994,577.0487
4995,772.4824
4996,545.0834
4997,343.70267
4998,722.36975
4999,525.19324
